image,clean,intact
train_0000.jpg,1,0
train_0001.jpg,1,1
train_0002.jpg,0,1
train_0003.jpg,1,1
train_0004.jpg,1,1
train_0005.jpg,0,0
train_0006.jpg,1,1
train_0007.jpg,0,1
train_0008.jpg,0,1
train_0009.jpg,1,0
train_0010.jpg,1,0
train_0011.jpg,1,0
train_0012.jpg,1,0
train_0013.jpg,1,1
train_0014.jpg,0,0
train_0015.jpg,1,1
train_0016.jpg,1,1
train_0017.jpg,1,1
train_0018.jpg,1,1
train_0019.jpg,1,0
train_0020.jpg,0,0
train_0021.jpg,1,0
train_0022.jpg,1,1
train_0023.jpg,1,1
train_0024.jpg,1,1
train_0025.jpg,1,1
train_0026.jpg,1,0
train_0027.jpg,0,1
train_0028.jpg,1,1
train_0029.jpg,0,0
train_0030.jpg,1,1
train_0031.jpg,0,0
train_0032.jpg,0,1
train_0033.jpg,1,1
train_0034.jpg,1,1
train_0035.jpg,1,1
train_0036.jpg,1,0
train_0037.jpg,1,1
train_0038.jpg,1,0
train_0039.jpg,0,0
train_0040.jpg,1,0
train_0041.jpg,1,1
train_0042.jpg,1,1
train_0043.jpg,0,0
train_0044.jpg,0,1
train_0045.jpg,1,1
train_0046.jpg,0,1
train_0047.jpg,0,0
train_0048.jpg,1,0
train_0049.jpg,0,0
train_0050.jpg,1,1
train_0051.jpg,1,0
train_0052.jpg,1,0
train_0053.jpg,1,1
train_0054.jpg,0,1
train_0055.jpg,0,0
train_0056.jpg,1,0
train_0057.jpg,1,1
train_0058.jpg,1,1
train_0059.jpg,1,0
train_0060.jpg,1,0
train_0061.jpg,1,0
train_0062.jpg,1,0
train_0063.jpg,1,0
train_0064.jpg,1,0
train_0065.jpg,1,1
train_0066.jpg,1,0
train_0067.jpg,1,1
train_0068.jpg,1,0
train_0069.jpg,1,0
train_0070.jpg,1,1
train_0071.jpg,1,0
train_0072.jpg,1,1
train_0073.jpg,1,0
train_0074.jpg,1,0
train_0075.jpg,0,1
train_0076.jpg,1,0
train_0077.jpg,1,0
train_0078.jpg,1,1
train_0079.jpg,1,1
train_0080.jpg,0,0
train_0081.jpg,1,1
train_0082.jpg,1,1
train_0083.jpg,0,0
train_0084.jpg,1,0
train_0085.jpg,1,1
train_0086.jpg,1,1
train_0087.jpg,0,0
train_0088.jpg,1,0
train_0089.jpg,1,1
train_0090.jpg,0,1
train_0091.jpg,1,1
train_0092.jpg,0,0
train_0093.jpg,0,0
train_0094.jpg,1,1
train_0095.jpg,0,1
train_0096.jpg,1,0
train_0097.jpg,0,1
train_0098.jpg,1,0
train_0099.jpg,1,1
train_0100.jpg,0,1
train_0101.jpg,0,0
train_0102.jpg,1,0
train_0103.jpg,1,0
train_0104.jpg,1,0
train_0105.jpg,0,1
train_0106.jpg,1,0
train_0107.jpg,1,1
train_0108.jpg,0,0
train_0109.jpg,1,0
train_0110.jpg,1,1
train_0111.jpg,1,1
train_0112.jpg,0,0
train_0113.jpg,1,0
train_0114.jpg,0,0
train_0115.jpg,0,1
train_0116.jpg,0,0
train_0117.jpg,1,1
train_0118.jpg,1,0
train_0119.jpg,1,0
train_0120.jpg,1,1
train_0121.jpg,1,0
train_0122.jpg,1,1
train_0123.jpg,1,0
train_0124.jpg,1,0
train_0125.jpg,0,1
train_0126.jpg,1,1
train_0127.jpg,1,1
train_0128.jpg,1,1
train_0129.jpg,1,1
train_0130.jpg,0,0
train_0131.jpg,0,1
train_0132.jpg,1,1
train_0133.jpg,1,1
train_0134.jpg,0,1
train_0135.jpg,1,1
train_0136.jpg,1,0
train_0137.jpg,0,1
train_0138.jpg,0,0
train_0139.jpg,1,1
train_0140.jpg,1,0
train_0141.jpg,1,1
train_0142.jpg,1,1
train_0143.jpg,1,0
train_0144.jpg,1,0
train_0145.jpg,0,1
train_0146.jpg,1,1
train_0147.jpg,1,1
train_0148.jpg,1,0
train_0149.jpg,1,0
train_0150.jpg,0,0
train_0151.jpg,0,0
train_0152.jpg,0,1
train_0153.jpg,0,1
train_0154.jpg,0,1
train_0155.jpg,0,1
train_0156.jpg,0,1
train_0157.jpg,1,0
train_0158.jpg,1,1
train_0159.jpg,1,0
train_0160.jpg,1,0
train_0161.jpg,1,0
train_0162.jpg,0,0
train_0163.jpg,1,1
train_0164.jpg,1,1
train_0165.jpg,1,1
train_0166.jpg,1,1
train_0167.jpg,1,1
train_0168.jpg,1,1
train_0169.jpg,0,0
train_0170.jpg,0,1
train_0171.jpg,1,0
train_0172.jpg,0,1
train_0173.jpg,1,1
train_0174.jpg,1,1
train_0175.jpg,1,1
train_0176.jpg,1,1
train_0177.jpg,1,1
train_0178.jpg,1,0
train_0179.jpg,1,0
train_0180.jpg,0,1
train_0181.jpg,1,1
train_0182.jpg,1,1
train_0183.jpg,0,1
train_0184.jpg,1,1
train_0185.jpg,0,1
train_0186.jpg,1,0
train_0187.jpg,1,1
train_0188.jpg,1,1
train_0189.jpg,0,0
train_0190.jpg,1,0
train_0191.jpg,1,0
train_0192.jpg,1,0
train_0193.jpg,1,1
train_0194.jpg,1,1
train_0195.jpg,1,1
train_0196.jpg,1,0
train_0197.jpg,1,1
train_0198.jpg,1,0
train_0199.jpg,1,0
train_0200.jpg,1,0
train_0201.jpg,0,1
train_0202.jpg,1,0
train_0203.jpg,0,0
train_0204.jpg,1,0
train_0205.jpg,1,0
train_0206.jpg,0,1
train_0207.jpg,1,1
train_0208.jpg,1,0
train_0209.jpg,1,0
train_0210.jpg,1,1
train_0211.jpg,1,0
train_0212.jpg,1,1
train_0213.jpg,0,1
train_0214.jpg,1,0
train_0215.jpg,0,0
train_0216.jpg,0,0
train_0217.jpg,1,1
train_0218.jpg,0,0
train_0219.jpg,0,0
train_0220.jpg,1,0
train_0221.jpg,1,1
train_0222.jpg,1,0
train_0223.jpg,1,0
train_0224.jpg,1,0
train_0225.jpg,1,1
train_0226.jpg,1,0
train_0227.jpg,1,1
train_0228.jpg,1,1
train_0229.jpg,0,1
train_0230.jpg,1,0
train_0231.jpg,1,0
train_0232.jpg,1,1
train_0233.jpg,0,1
train_0234.jpg,0,0
train_0235.jpg,1,0
train_0236.jpg,1,0
train_0237.jpg,1,1
train_0238.jpg,1,1
train_0239.jpg,1,1
train_0240.jpg,0,0
train_0241.jpg,1,1
train_0242.jpg,1,0
train_0243.jpg,1,0
train_0244.jpg,1,0
train_0245.jpg,1,0
train_0246.jpg,1,1
train_0247.jpg,1,1
train_0248.jpg,0,1
train_0249.jpg,0,1
train_0250.jpg,1,0
train_0251.jpg,1,1
train_0252.jpg,1,1
train_0253.jpg,0,0
train_0254.jpg,0,1
train_0255.jpg,0,0
train_0256.jpg,1,0
train_0257.jpg,1,1
train_0258.jpg,1,0
train_0259.jpg,1,0
train_0260.jpg,0,0
train_0261.jpg,1,0
train_0262.jpg,1,1
train_0263.jpg,1,1
train_0264.jpg,1,1
train_0265.jpg,0,0
train_0266.jpg,1,1
train_0267.jpg,1,0
train_0268.jpg,1,0
train_0269.jpg,1,1
train_0270.jpg,1,0
train_0271.jpg,1,1
train_0272.jpg,1,1
train_0273.jpg,1,1
train_0274.jpg,0,1
train_0275.jpg,0,1
train_0276.jpg,1,0
train_0277.jpg,1,0
train_0278.jpg,1,1
train_0279.jpg,1,1
train_0280.jpg,1,0
train_0281.jpg,1,1
train_0282.jpg,1,1
train_0283.jpg,0,0
train_0284.jpg,1,1
train_0285.jpg,1,0
train_0286.jpg,1,0
train_0287.jpg,1,0
train_0288.jpg,1,1
train_0289.jpg,0,0
train_0290.jpg,1,1
train_0291.jpg,1,1
train_0292.jpg,1,1
train_0293.jpg,1,0
train_0294.jpg,1,0
train_0295.jpg,0,1
train_0296.jpg,0,1
train_0297.jpg,1,0
train_0298.jpg,1,1
train_0299.jpg,1,0
train_0300.jpg,1,0
train_0301.jpg,0,0
train_0302.jpg,1,0
train_0303.jpg,1,0
train_0304.jpg,1,1
train_0305.jpg,1,1
train_0306.jpg,1,0
train_0307.jpg,1,0
train_0308.jpg,1,0
train_0309.jpg,1,1
train_0310.jpg,1,0
train_0311.jpg,1,1
train_0312.jpg,1,1
train_0313.jpg,1,1
train_0314.jpg,1,1
train_0315.jpg,1,0
train_0316.jpg,1,1
train_0317.jpg,1,0
train_0318.jpg,1,1
train_0319.jpg,1,0
train_0320.jpg,1,1
train_0321.jpg,1,0
train_0322.jpg,0,1
train_0323.jpg,1,0
train_0324.jpg,0,0
train_0325.jpg,1,1
train_0326.jpg,1,0
train_0327.jpg,1,1
train_0328.jpg,1,1
train_0329.jpg,1,1
train_0330.jpg,1,0
train_0331.jpg,1,1
train_0332.jpg,1,1
train_0333.jpg,1,0
train_0334.jpg,1,0
train_0335.jpg,1,1
train_0336.jpg,1,1
train_0337.jpg,1,0
train_0338.jpg,1,0
train_0339.jpg,1,1
train_0340.jpg,1,0
train_0341.jpg,1,0
train_0342.jpg,1,1
train_0343.jpg,1,1
train_0344.jpg,1,1
train_0345.jpg,1,0
train_0346.jpg,1,0
train_0347.jpg,1,0
train_0348.jpg,1,0
train_0349.jpg,1,0
train_0350.jpg,0,0
train_0351.jpg,1,0
train_0352.jpg,1,0
train_0353.jpg,0,1
train_0354.jpg,0,0
train_0355.jpg,0,0
train_0356.jpg,0,0
train_0357.jpg,1,0
train_0358.jpg,1,0
train_0359.jpg,0,0
train_0360.jpg,0,1
train_0361.jpg,1,1
train_0362.jpg,1,1
train_0363.jpg,0,1
train_0364.jpg,1,0
train_0365.jpg,1,0
train_0366.jpg,1,1
train_0367.jpg,1,0
train_0368.jpg,0,0
train_0369.jpg,1,0
train_0370.jpg,1,0
train_0371.jpg,1,1
train_0372.jpg,1,1
train_0373.jpg,1,1
train_0374.jpg,1,0
train_0375.jpg,0,0
train_0376.jpg,1,1
train_0377.jpg,1,0
train_0378.jpg,1,1
train_0379.jpg,1,1
train_0380.jpg,1,1
train_0381.jpg,1,1
train_0382.jpg,1,1
train_0383.jpg,0,1
train_0384.jpg,1,1
train_0385.jpg,1,0
train_0386.jpg,1,0
train_0387.jpg,1,1
train_0388.jpg,1,1
train_0389.jpg,1,1
train_0390.jpg,1,1
train_0391.jpg,0,1
train_0392.jpg,1,1
train_0393.jpg,1,0
train_0394.jpg,1,0
train_0395.jpg,1,0
train_0396.jpg,0,0
train_0397.jpg,1,1
train_0398.jpg,1,1
train_0399.jpg,1,0
train_0400.jpg,1,1
train_0401.jpg,1,0
train_0402.jpg,1,1
train_0403.jpg,1,0
train_0404.jpg,1,1
train_0405.jpg,1,0
train_0406.jpg,1,0
train_0407.jpg,1,0
train_0408.jpg,1,0
train_0409.jpg,1,1
train_0410.jpg,1,1
train_0411.jpg,1,0
train_0412.jpg,1,1
train_0413.jpg,1,0
train_0414.jpg,1,1
train_0415.jpg,0,0
train_0416.jpg,1,0
train_0417.jpg,0,0
train_0418.jpg,1,0
train_0419.jpg,0,1
train_0420.jpg,0,0
train_0421.jpg,1,0
train_0422.jpg,1,1
train_0423.jpg,1,1
train_0424.jpg,1,1
train_0425.jpg,0,0
train_0426.jpg,0,0
train_0427.jpg,0,0
train_0428.jpg,1,0
train_0429.jpg,1,1
train_0430.jpg,1,1
train_0431.jpg,1,0
train_0432.jpg,1,1
train_0433.jpg,1,1
train_0434.jpg,1,1
train_0435.jpg,1,0
train_0436.jpg,1,1
train_0437.jpg,1,1
train_0438.jpg,1,1
train_0439.jpg,1,0
train_0440.jpg,1,1
train_0441.jpg,1,1
train_0442.jpg,1,1
train_0443.jpg,1,0
train_0444.jpg,1,0
train_0445.jpg,1,0
train_0446.jpg,1,1
train_0447.jpg,1,1
train_0448.jpg,0,1
train_0449.jpg,1,0
train_0450.jpg,1,1
train_0451.jpg,1,0
train_0452.jpg,1,1
train_0453.jpg,1,0
train_0454.jpg,1,0
train_0455.jpg,1,0
train_0456.jpg,1,1
train_0457.jpg,0,1
train_0458.jpg,0,0
train_0459.jpg,1,1
train_0460.jpg,1,1
train_0461.jpg,1,1
train_0462.jpg,0,1
train_0463.jpg,1,0
train_0464.jpg,0,0
train_0465.jpg,0,0
train_0466.jpg,1,1
train_0467.jpg,1,0
train_0468.jpg,1,0
train_0469.jpg,1,0
train_0470.jpg,1,0
train_0471.jpg,1,0
train_0472.jpg,1,0
train_0473.jpg,1,1
train_0474.jpg,1,1
train_0475.jpg,1,0
train_0476.jpg,0,1
train_0477.jpg,1,0
train_0478.jpg,0,0
train_0479.jpg,1,0
train_0480.jpg,1,1
train_0481.jpg,1,0
train_0482.jpg,1,1
train_0483.jpg,1,0
train_0484.jpg,1,1
train_0485.jpg,1,1
train_0486.jpg,1,1
train_0487.jpg,1,1
train_0488.jpg,1,1
train_0489.jpg,1,1
train_0490.jpg,1,1
train_0491.jpg,1,0
train_0492.jpg,0,0
train_0493.jpg,1,1
train_0494.jpg,1,0
train_0495.jpg,1,1
train_0496.jpg,0,0
train_0497.jpg,0,0
train_0498.jpg,1,1
train_0499.jpg,1,0
train_0500.jpg,1,0
train_0501.jpg,1,0
train_0502.jpg,1,1
train_0503.jpg,1,1
train_0504.jpg,1,0
train_0505.jpg,1,0
train_0506.jpg,1,0
train_0507.jpg,0,1
train_0508.jpg,1,1
train_0509.jpg,0,0
train_0510.jpg,1,1
train_0511.jpg,1,0
train_0512.jpg,1,0
train_0513.jpg,1,1
train_0514.jpg,0,0
train_0515.jpg,1,1
train_0516.jpg,1,1
train_0517.jpg,0,1
train_0518.jpg,1,1
train_0519.jpg,1,0
train_0520.jpg,1,1
train_0521.jpg,1,0
train_0522.jpg,1,0
train_0523.jpg,0,0
train_0524.jpg,0,0
train_0525.jpg,1,0
train_0526.jpg,1,1
train_0527.jpg,1,1
train_0528.jpg,1,1
train_0529.jpg,0,1
train_0530.jpg,1,0
train_0531.jpg,1,1
train_0532.jpg,1,1
train_0533.jpg,0,1
train_0534.jpg,1,0
train_0535.jpg,1,1
train_0536.jpg,1,0
train_0537.jpg,1,1
train_0538.jpg,1,0
train_0539.jpg,1,0
train_0540.jpg,1,0
train_0541.jpg,1,0
train_0542.jpg,1,1
train_0543.jpg,1,0
train_0544.jpg,0,0
train_0545.jpg,1,1
train_0546.jpg,1,1
train_0547.jpg,1,1
train_0548.jpg,0,1
train_0549.jpg,0,0
train_0550.jpg,0,0
train_0551.jpg,0,1
train_0552.jpg,1,0
train_0553.jpg,0,1
train_0554.jpg,0,0
train_0555.jpg,0,1
train_0556.jpg,1,1
train_0557.jpg,1,0
train_0558.jpg,1,0
train_0559.jpg,0,1
train_0560.jpg,1,0
train_0561.jpg,1,1
train_0562.jpg,0,1
train_0563.jpg,1,0
train_0564.jpg,1,1
train_0565.jpg,1,0
train_0566.jpg,1,0
train_0567.jpg,0,1
train_0568.jpg,0,1
train_0569.jpg,1,1
train_0570.jpg,1,1
train_0571.jpg,1,1
train_0572.jpg,1,0
train_0573.jpg,1,1
train_0574.jpg,1,0
train_0575.jpg,0,1
train_0576.jpg,1,0
train_0577.jpg,1,1
train_0578.jpg,1,0
train_0579.jpg,1,1
train_0580.jpg,1,1
train_0581.jpg,1,1
train_0582.jpg,1,0
train_0583.jpg,1,0
train_0584.jpg,1,1
train_0585.jpg,1,1
train_0586.jpg,0,0
train_0587.jpg,1,0
train_0588.jpg,1,0
train_0589.jpg,1,0
train_0590.jpg,1,0
train_0591.jpg,0,0
train_0592.jpg,1,0
train_0593.jpg,1,1
train_0594.jpg,1,0
train_0595.jpg,1,1
train_0596.jpg,1,0
train_0597.jpg,1,0
train_0598.jpg,1,0
train_0599.jpg,1,1
train_0600.jpg,1,0
train_0601.jpg,1,0
train_0602.jpg,0,0
train_0603.jpg,0,0
train_0604.jpg,1,1
train_0605.jpg,1,0
train_0606.jpg,0,1
train_0607.jpg,0,0
train_0608.jpg,1,1
train_0609.jpg,0,1
train_0610.jpg,0,0
train_0611.jpg,0,0
train_0612.jpg,0,1
train_0613.jpg,1,0
train_0614.jpg,1,0
train_0615.jpg,1,1
train_0616.jpg,0,0
train_0617.jpg,1,1
train_0618.jpg,1,1
train_0619.jpg,1,1
train_0620.jpg,0,1
train_0621.jpg,1,1
train_0622.jpg,1,1
train_0623.jpg,1,0
train_0624.jpg,0,0
train_0625.jpg,1,0
train_0626.jpg,1,1
train_0627.jpg,1,0
train_0628.jpg,1,1
train_0629.jpg,1,0
train_0630.jpg,1,0
train_0631.jpg,1,1
train_0632.jpg,1,1
train_0633.jpg,1,1
train_0634.jpg,1,1
train_0635.jpg,1,1
train_0636.jpg,0,1
train_0637.jpg,1,0
train_0638.jpg,0,0
train_0639.jpg,1,1
train_0640.jpg,1,0
train_0641.jpg,1,0
train_0642.jpg,1,1
train_0643.jpg,1,0
train_0644.jpg,1,0
train_0645.jpg,1,1
train_0646.jpg,1,0
train_0647.jpg,1,0
train_0648.jpg,1,0
train_0649.jpg,1,0
train_0650.jpg,1,1
train_0651.jpg,0,1
train_0652.jpg,0,1
train_0653.jpg,1,1
train_0654.jpg,1,1
train_0655.jpg,1,0
train_0656.jpg,0,1
train_0657.jpg,1,0
train_0658.jpg,1,0
train_0659.jpg,1,1
train_0660.jpg,1,1
train_0661.jpg,1,0
train_0662.jpg,1,1
train_0663.jpg,1,0
train_0664.jpg,1,0
train_0665.jpg,1,0
train_0666.jpg,1,1
train_0667.jpg,0,1
train_0668.jpg,1,1
train_0669.jpg,1,0
train_0670.jpg,1,1
train_0671.jpg,1,1
train_0672.jpg,0,1
train_0673.jpg,1,0
train_0674.jpg,0,0
train_0675.jpg,1,1
train_0676.jpg,1,1
train_0677.jpg,1,0
train_0678.jpg,1,1
train_0679.jpg,1,0
train_0680.jpg,1,0
train_0681.jpg,0,0
train_0682.jpg,1,1
train_0683.jpg,1,1
train_0684.jpg,1,0
train_0685.jpg,0,0
train_0686.jpg,1,0
train_0687.jpg,1,1
train_0688.jpg,1,1
train_0689.jpg,1,1
train_0690.jpg,1,0
train_0691.jpg,1,1
train_0692.jpg,1,1
train_0693.jpg,1,1
train_0694.jpg,1,1
train_0695.jpg,1,1
train_0696.jpg,0,1
train_0697.jpg,0,0
train_0698.jpg,1,1
train_0699.jpg,1,1
train_0700.jpg,1,1
train_0701.jpg,1,1
train_0702.jpg,1,1
train_0703.jpg,1,0
train_0704.jpg,1,1
train_0705.jpg,1,0
train_0706.jpg,1,1
train_0707.jpg,1,0
train_0708.jpg,1,1
train_0709.jpg,0,0
train_0710.jpg,1,0
train_0711.jpg,1,0
train_0712.jpg,1,0
train_0713.jpg,1,0
train_0714.jpg,0,0
train_0715.jpg,0,0
train_0716.jpg,1,0
train_0717.jpg,1,0
train_0718.jpg,1,0
train_0719.jpg,1,0
train_0720.jpg,1,1
train_0721.jpg,0,1
train_0722.jpg,1,1
train_0723.jpg,1,1
train_0724.jpg,1,1
train_0725.jpg,1,1
train_0726.jpg,1,0
train_0727.jpg,1,0
train_0728.jpg,0,0
train_0729.jpg,1,1
train_0730.jpg,1,1
train_0731.jpg,1,1
train_0732.jpg,1,1
train_0733.jpg,0,1
train_0734.jpg,0,0
train_0735.jpg,1,1
train_0736.jpg,1,0
train_0737.jpg,1,1
train_0738.jpg,1,0
train_0739.jpg,1,0
train_0740.jpg,1,0
train_0741.jpg,1,1
train_0742.jpg,1,1
train_0743.jpg,1,1
train_0744.jpg,1,0
train_0745.jpg,0,1
train_0746.jpg,1,0
train_0747.jpg,1,1
train_0748.jpg,1,0
train_0749.jpg,1,1
train_0750.jpg,1,1
train_0751.jpg,0,1
train_0752.jpg,1,1
train_0753.jpg,1,0
train_0754.jpg,1,0
train_0755.jpg,1,0
train_0756.jpg,1,1
train_0757.jpg,1,1
train_0758.jpg,1,1
train_0759.jpg,1,1
train_0760.jpg,1,1
train_0761.jpg,1,1
train_0762.jpg,1,1
train_0763.jpg,1,1
train_0764.jpg,0,0
train_0765.jpg,1,1
train_0766.jpg,1,0
train_0767.jpg,0,1
train_0768.jpg,1,1
train_0769.jpg,1,0
train_0770.jpg,1,1
train_0771.jpg,1,1
train_0772.jpg,1,0
train_0773.jpg,1,1
train_0774.jpg,1,1
train_0775.jpg,1,0
train_0776.jpg,1,0
train_0777.jpg,1,1
train_0778.jpg,0,0
train_0779.jpg,1,1
train_0780.jpg,1,1
train_0781.jpg,1,1
train_0782.jpg,1,0
train_0783.jpg,1,1
train_0784.jpg,1,0
train_0785.jpg,1,1
train_0786.jpg,1,1
train_0787.jpg,0,0
train_0788.jpg,1,0
train_0789.jpg,1,0
train_0790.jpg,1,0
train_0791.jpg,1,0
train_0792.jpg,0,1
train_0793.jpg,1,1
train_0794.jpg,0,0
train_0795.jpg,1,0
train_0796.jpg,1,1
train_0797.jpg,1,1
train_0798.jpg,1,1
train_0799.jpg,1,0
train_0800.jpg,0,1
train_0801.jpg,1,0
train_0802.jpg,1,1
train_0803.jpg,1,1
train_0804.jpg,1,0
train_0805.jpg,1,1
train_0806.jpg,1,0
train_0807.jpg,0,1
train_0808.jpg,1,0
train_0809.jpg,1,0
train_0810.jpg,1,1
train_0811.jpg,1,0
train_0812.jpg,1,0
train_0813.jpg,1,1
train_0814.jpg,1,0
train_0815.jpg,1,0
train_0816.jpg,1,0
train_0817.jpg,1,0
train_0818.jpg,1,1
train_0819.jpg,1,1
train_0820.jpg,0,0
train_0821.jpg,1,0
train_0822.jpg,0,0
train_0823.jpg,0,1
train_0824.jpg,1,1
train_0825.jpg,0,0
train_0826.jpg,1,1
train_0827.jpg,1,0
train_0828.jpg,0,0
train_0829.jpg,1,0
train_0830.jpg,0,1
train_0831.jpg,0,1
train_0832.jpg,1,0
train_0833.jpg,1,0
train_0834.jpg,1,1
train_0835.jpg,1,0
train_0836.jpg,1,1
train_0837.jpg,1,0
train_0838.jpg,1,1
train_0839.jpg,1,0
train_0840.jpg,1,0
train_0841.jpg,1,1
train_0842.jpg,1,1
train_0843.jpg,1,1
train_0844.jpg,1,0
train_0845.jpg,1,1
train_0846.jpg,1,1
train_0847.jpg,1,1
train_0848.jpg,1,0
train_0849.jpg,1,1
train_0850.jpg,0,0
train_0851.jpg,1,0
train_0852.jpg,0,0
train_0853.jpg,1,0
train_0854.jpg,1,0
train_0855.jpg,1,1
train_0856.jpg,1,0
train_0857.jpg,0,0
train_0858.jpg,1,0
train_0859.jpg,1,1
train_0860.jpg,1,1
train_0861.jpg,1,1
train_0862.jpg,1,1
train_0863.jpg,1,0
train_0864.jpg,0,0
train_0865.jpg,1,1
train_0866.jpg,1,0
train_0867.jpg,0,0
train_0868.jpg,1,1
train_0869.jpg,0,0
train_0870.jpg,1,0
train_0871.jpg,0,0
train_0872.jpg,1,0
train_0873.jpg,1,0
train_0874.jpg,1,0
train_0875.jpg,1,0
train_0876.jpg,0,0
train_0877.jpg,1,1
train_0878.jpg,1,0
train_0879.jpg,1,1
train_0880.jpg,0,0
train_0881.jpg,1,1
train_0882.jpg,1,0
train_0883.jpg,0,0
train_0884.jpg,1,0
train_0885.jpg,0,1
train_0886.jpg,1,0
train_0887.jpg,1,1
train_0888.jpg,1,0
train_0889.jpg,0,1
train_0890.jpg,1,1
train_0891.jpg,1,0
train_0892.jpg,1,0
train_0893.jpg,1,0
train_0894.jpg,0,0
train_0895.jpg,1,1
train_0896.jpg,1,0
train_0897.jpg,0,1
train_0898.jpg,1,1
train_0899.jpg,1,0
train_0900.jpg,1,1
train_0901.jpg,1,0
train_0902.jpg,0,1
train_0903.jpg,1,0
train_0904.jpg,1,0
train_0905.jpg,1,1
train_0906.jpg,1,0
train_0907.jpg,0,1
train_0908.jpg,1,0
train_0909.jpg,1,0
train_0910.jpg,1,1
train_0911.jpg,0,0
train_0912.jpg,1,1
train_0913.jpg,1,0
train_0914.jpg,1,0
train_0915.jpg,1,0
train_0916.jpg,1,0
train_0917.jpg,1,1
train_0918.jpg,1,0
train_0919.jpg,1,0
train_0920.jpg,1,1
train_0921.jpg,1,0
train_0922.jpg,1,1
train_0923.jpg,1,1
train_0924.jpg,1,0
train_0925.jpg,1,0
train_0926.jpg,1,1
train_0927.jpg,1,1
train_0928.jpg,1,1
train_0929.jpg,1,1
train_0930.jpg,1,1
train_0931.jpg,1,1
train_0932.jpg,1,1
train_0933.jpg,1,1
train_0934.jpg,1,1
train_0935.jpg,1,1
train_0936.jpg,1,0
train_0937.jpg,0,1
train_0938.jpg,0,1
train_0939.jpg,1,1
train_0940.jpg,1,1
train_0941.jpg,0,1
train_0942.jpg,0,0
train_0943.jpg,1,0
train_0944.jpg,1,1
train_0945.jpg,1,0
train_0946.jpg,1,0
train_0947.jpg,1,0
train_0948.jpg,1,0
train_0949.jpg,0,1
train_0950.jpg,0,0
train_0951.jpg,0,0
train_0952.jpg,0,1
train_0953.jpg,0,0
train_0954.jpg,1,0
train_0955.jpg,1,1
train_0956.jpg,1,0
train_0957.jpg,1,1
train_0958.jpg,1,0
train_0959.jpg,1,1
train_0960.jpg,1,1
train_0961.jpg,1,1
train_0962.jpg,0,0
train_0963.jpg,1,0
train_0964.jpg,1,1
train_0965.jpg,1,0
train_0966.jpg,0,1
train_0967.jpg,1,1
train_0968.jpg,1,0
train_0969.jpg,0,0
train_0970.jpg,1,0
train_0971.jpg,1,1
train_0972.jpg,0,0
train_0973.jpg,1,0
train_0974.jpg,1,1
train_0975.jpg,1,1
train_0976.jpg,1,1
train_0977.jpg,1,1
train_0978.jpg,0,1
train_0979.jpg,1,0
train_0980.jpg,0,1
train_0981.jpg,1,0
train_0982.jpg,1,0
train_0983.jpg,1,1
train_0984.jpg,1,0
train_0985.jpg,0,1
train_0986.jpg,1,1
train_0987.jpg,1,0
train_0988.jpg,1,0
train_0989.jpg,1,0
train_0990.jpg,1,0
train_0991.jpg,0,1
train_0992.jpg,1,0
train_0993.jpg,1,1
train_0994.jpg,1,0
train_0995.jpg,1,0
train_0996.jpg,0,0
train_0997.jpg,1,1
train_0998.jpg,1,1
train_0999.jpg,1,0
train_1000.jpg,1,1
train_1001.jpg,1,0
train_1002.jpg,1,1
train_1003.jpg,1,0
train_1004.jpg,1,1
train_1005.jpg,1,0
train_1006.jpg,1,1
train_1007.jpg,0,1
train_1008.jpg,1,0
train_1009.jpg,1,1
train_1010.jpg,1,1
train_1011.jpg,1,1
train_1012.jpg,1,0
train_1013.jpg,1,1
train_1014.jpg,0,1
train_1015.jpg,0,0
train_1016.jpg,0,1
train_1017.jpg,0,1
train_1018.jpg,0,0
train_1019.jpg,0,0
train_1020.jpg,0,0
train_1021.jpg,1,1
train_1022.jpg,1,0
train_1023.jpg,0,1
train_1024.jpg,1,1
train_1025.jpg,0,1
train_1026.jpg,1,1
train_1027.jpg,1,1
train_1028.jpg,1,0
train_1029.jpg,1,1
train_1030.jpg,1,0
train_1031.jpg,1,0
train_1032.jpg,1,0
train_1033.jpg,1,0
train_1034.jpg,1,0
train_1035.jpg,1,1
train_1036.jpg,1,1
train_1037.jpg,1,0
train_1038.jpg,0,1
train_1039.jpg,1,1
train_1040.jpg,1,1
train_1041.jpg,1,0
train_1042.jpg,1,0
train_1043.jpg,1,1
train_1044.jpg,1,0
train_1045.jpg,0,1
train_1046.jpg,1,0
train_1047.jpg,0,0
train_1048.jpg,0,0
train_1049.jpg,1,1
train_1050.jpg,1,0
train_1051.jpg,1,1
train_1052.jpg,1,0
train_1053.jpg,1,1
train_1054.jpg,1,1
train_1055.jpg,1,0
train_1056.jpg,0,1
train_1057.jpg,1,0
train_1058.jpg,1,0
train_1059.jpg,1,0
train_1060.jpg,1,1
train_1061.jpg,1,1
train_1062.jpg,1,0
train_1063.jpg,1,1
train_1064.jpg,1,1
train_1065.jpg,0,1
train_1066.jpg,1,0
train_1067.jpg,1,1
train_1068.jpg,0,0
train_1069.jpg,1,0
train_1070.jpg,1,1
train_1071.jpg,1,0
train_1072.jpg,0,1
train_1073.jpg,1,0
train_1074.jpg,1,1
train_1075.jpg,1,0
train_1076.jpg,1,1
train_1077.jpg,1,0
train_1078.jpg,0,1
train_1079.jpg,0,0
train_1080.jpg,0,0
train_1081.jpg,0,1
train_1082.jpg,1,1
train_1083.jpg,0,1
train_1084.jpg,1,1
train_1085.jpg,1,1
train_1086.jpg,0,1
train_1087.jpg,1,0
train_1088.jpg,1,1
train_1089.jpg,1,0
train_1090.jpg,1,0
train_1091.jpg,1,1
train_1092.jpg,1,1
train_1093.jpg,1,0
train_1094.jpg,0,1
train_1095.jpg,1,1
train_1096.jpg,1,0
train_1097.jpg,1,1
train_1098.jpg,1,0
train_1099.jpg,1,0
train_1100.jpg,1,1
train_1101.jpg,1,0
train_1102.jpg,1,0
train_1103.jpg,1,1
train_1104.jpg,1,0
train_1105.jpg,1,1
train_1106.jpg,1,1
train_1107.jpg,1,1
train_1108.jpg,1,0
train_1109.jpg,1,0
train_1110.jpg,1,0
train_1111.jpg,1,0
train_1112.jpg,0,0
train_1113.jpg,0,1
train_1114.jpg,1,0
train_1115.jpg,1,0
train_1116.jpg,0,1
train_1117.jpg,1,1
train_1118.jpg,0,0
train_1119.jpg,1,0
train_1120.jpg,1,0
train_1121.jpg,1,0
train_1122.jpg,1,1
train_1123.jpg,0,1
train_1124.jpg,1,0
train_1125.jpg,1,1
train_1126.jpg,1,0
train_1127.jpg,1,0
train_1128.jpg,1,0
train_1129.jpg,1,1
train_1130.jpg,1,0
train_1131.jpg,1,1
train_1132.jpg,1,0
train_1133.jpg,0,0
train_1134.jpg,0,1
train_1135.jpg,1,0
train_1136.jpg,1,1
train_1137.jpg,1,1
train_1138.jpg,1,1
train_1139.jpg,0,0
train_1140.jpg,1,0
train_1141.jpg,1,1
train_1142.jpg,1,0
train_1143.jpg,1,1
train_1144.jpg,1,1
train_1145.jpg,1,1
train_1146.jpg,1,0
train_1147.jpg,1,1
train_1148.jpg,1,0
train_1149.jpg,1,1
train_1150.jpg,0,0
train_1151.jpg,1,0
train_1152.jpg,0,0
train_1153.jpg,0,1
train_1154.jpg,0,1
train_1155.jpg,1,1
train_1156.jpg,1,0
train_1157.jpg,1,1
train_1158.jpg,1,1
train_1159.jpg,0,0
train_1160.jpg,0,0
train_1161.jpg,0,1
train_1162.jpg,1,0
train_1163.jpg,1,1
train_1164.jpg,1,1
train_1165.jpg,0,0
train_1166.jpg,1,1
train_1167.jpg,1,1
train_1168.jpg,1,1
train_1169.jpg,1,1
train_1170.jpg,1,0
train_1171.jpg,1,1
train_1172.jpg,1,1
train_1173.jpg,0,0
train_1174.jpg,1,0
train_1175.jpg,1,0
train_1176.jpg,1,0
train_1177.jpg,1,0
train_1178.jpg,1,0
train_1179.jpg,1,1
train_1180.jpg,1,0
train_1181.jpg,1,1
train_1182.jpg,1,1
train_1183.jpg,0,1
train_1184.jpg,1,0
train_1185.jpg,1,1
train_1186.jpg,0,1
train_1187.jpg,1,1
train_1188.jpg,1,1
train_1189.jpg,1,0
train_1190.jpg,1,0
train_1191.jpg,1,0
train_1192.jpg,0,0
train_1193.jpg,0,0
train_1194.jpg,1,0
train_1195.jpg,1,1
train_1196.jpg,1,0
train_1197.jpg,1,1
train_1198.jpg,0,0
train_1199.jpg,1,0
train_1200.jpg,0,1
train_1201.jpg,1,0
train_1202.jpg,1,1
train_1203.jpg,1,0
train_1204.jpg,1,1
train_1205.jpg,1,1
train_1206.jpg,1,0
train_1207.jpg,0,0
train_1208.jpg,1,1
train_1209.jpg,0,0
train_1210.jpg,1,1
train_1211.jpg,1,1
train_1212.jpg,0,1
train_1213.jpg,1,1
train_1214.jpg,1,1
train_1215.jpg,1,0
train_1216.jpg,0,1
train_1217.jpg,1,1
train_1218.jpg,1,0
train_1219.jpg,1,0
train_1220.jpg,0,1
train_1221.jpg,0,0
train_1222.jpg,0,1
train_1223.jpg,1,0
train_1224.jpg,0,0
train_1225.jpg,1,0
train_1226.jpg,1,1
train_1227.jpg,1,1
train_1228.jpg,1,1
train_1229.jpg,1,0
train_1230.jpg,1,1
train_1231.jpg,1,1
train_1232.jpg,1,1
train_1233.jpg,1,0
train_1234.jpg,1,0
train_1235.jpg,0,1
train_1236.jpg,0,0
train_1237.jpg,1,1
train_1238.jpg,1,1
train_1239.jpg,1,1
train_1240.jpg,0,1
train_1241.jpg,1,0
train_1242.jpg,1,0
train_1243.jpg,1,0
train_1244.jpg,1,0
train_1245.jpg,0,1
train_1246.jpg,1,1
train_1247.jpg,1,1
train_1248.jpg,1,0
train_1249.jpg,1,0
train_1250.jpg,1,1
train_1251.jpg,1,0
train_1252.jpg,1,1
train_1253.jpg,1,1
train_1254.jpg,1,1
train_1255.jpg,1,0
train_1256.jpg,1,1
train_1257.jpg,0,0
train_1258.jpg,1,0
train_1259.jpg,1,0
train_1260.jpg,1,0
train_1261.jpg,1,1
train_1262.jpg,1,1
train_1263.jpg,1,1
train_1264.jpg,1,1
train_1265.jpg,1,0
train_1266.jpg,1,0
train_1267.jpg,1,1
train_1268.jpg,0,1
train_1269.jpg,1,0
train_1270.jpg,1,0
train_1271.jpg,1,1
train_1272.jpg,1,0
train_1273.jpg,1,0
train_1274.jpg,1,0
train_1275.jpg,1,1
train_1276.jpg,1,1
train_1277.jpg,0,0
train_1278.jpg,1,0
train_1279.jpg,1,0
train_1280.jpg,0,0
train_1281.jpg,1,1
train_1282.jpg,1,0
train_1283.jpg,1,1
train_1284.jpg,1,1
train_1285.jpg,0,0
train_1286.jpg,1,1
train_1287.jpg,0,1
train_1288.jpg,1,0
train_1289.jpg,1,0
train_1290.jpg,1,0
train_1291.jpg,1,0
train_1292.jpg,1,1
train_1293.jpg,0,1
train_1294.jpg,0,1
train_1295.jpg,1,0
train_1296.jpg,0,0
train_1297.jpg,0,1
train_1298.jpg,0,0
train_1299.jpg,0,0
train_1300.jpg,1,1
train_1301.jpg,1,0
train_1302.jpg,1,0
train_1303.jpg,1,0
train_1304.jpg,0,1
train_1305.jpg,0,0
train_1306.jpg,0,1
train_1307.jpg,1,1
train_1308.jpg,1,1
train_1309.jpg,1,0
train_1310.jpg,1,1
train_1311.jpg,1,1
train_1312.jpg,1,1
train_1313.jpg,1,1
train_1314.jpg,0,1
train_1315.jpg,1,1
train_1316.jpg,1,1
train_1317.jpg,1,1
train_1318.jpg,1,0
train_1319.jpg,1,0
train_1320.jpg,1,0
train_1321.jpg,1,1
train_1322.jpg,1,1
train_1323.jpg,0,0
train_1324.jpg,1,1
train_1325.jpg,1,1
train_1326.jpg,1,0
train_1327.jpg,1,1
train_1328.jpg,1,1
train_1329.jpg,1,0
train_1330.jpg,1,0
train_1331.jpg,1,1
train_1332.jpg,1,0
train_1333.jpg,1,0
train_1334.jpg,1,1
train_1335.jpg,1,1
train_1336.jpg,1,0
train_1337.jpg,1,0
train_1338.jpg,0,0
train_1339.jpg,1,1
train_1340.jpg,0,0
train_1341.jpg,1,1
train_1342.jpg,1,0
train_1343.jpg,1,0
train_1344.jpg,0,0
train_1345.jpg,1,0
train_1346.jpg,0,0
train_1347.jpg,1,0
train_1348.jpg,1,0
train_1349.jpg,1,0
train_1350.jpg,1,0
train_1351.jpg,1,1
train_1352.jpg,1,1
train_1353.jpg,1,0
train_1354.jpg,1,1
train_1355.jpg,1,0
train_1356.jpg,1,0
train_1357.jpg,0,0
train_1358.jpg,0,0
train_1359.jpg,1,1
train_1360.jpg,1,0
train_1361.jpg,0,1
train_1362.jpg,0,1
train_1363.jpg,0,1
train_1364.jpg,1,1
train_1365.jpg,1,0
train_1366.jpg,1,1
train_1367.jpg,0,1
train_1368.jpg,1,0
train_1369.jpg,1,1
train_1370.jpg,1,0
train_1371.jpg,1,1
train_1372.jpg,1,0
train_1373.jpg,0,0
train_1374.jpg,1,1
train_1375.jpg,0,0
train_1376.jpg,0,1
train_1377.jpg,1,1
train_1378.jpg,0,0
train_1379.jpg,1,1
train_1380.jpg,0,0
train_1381.jpg,1,1
train_1382.jpg,1,0
train_1383.jpg,1,0
train_1384.jpg,0,1
train_1385.jpg,0,1
train_1386.jpg,1,1
train_1387.jpg,0,1
train_1388.jpg,1,1
train_1389.jpg,0,1
train_1390.jpg,1,1
train_1391.jpg,0,1
train_1392.jpg,0,0
train_1393.jpg,1,1
train_1394.jpg,1,1
train_1395.jpg,1,0
train_1396.jpg,0,0
train_1397.jpg,1,1
train_1398.jpg,0,0
train_1399.jpg,1,1
train_1400.jpg,1,0
train_1401.jpg,0,1
train_1402.jpg,1,1
train_1403.jpg,1,1
train_1404.jpg,1,0
train_1405.jpg,1,1
train_1406.jpg,1,0
train_1407.jpg,0,1
train_1408.jpg,1,0
train_1409.jpg,1,1
train_1410.jpg,1,1
train_1411.jpg,1,1
train_1412.jpg,1,1
train_1413.jpg,1,1
train_1414.jpg,0,1
train_1415.jpg,1,1
train_1416.jpg,1,0
train_1417.jpg,1,0
train_1418.jpg,1,1
train_1419.jpg,1,1
train_1420.jpg,1,0
train_1421.jpg,1,0
train_1422.jpg,1,0
train_1423.jpg,0,1
train_1424.jpg,1,0
train_1425.jpg,1,0
train_1426.jpg,0,0
train_1427.jpg,1,0
train_1428.jpg,1,0
train_1429.jpg,1,1
train_1430.jpg,1,0
train_1431.jpg,1,1
train_1432.jpg,1,0
train_1433.jpg,1,0
train_1434.jpg,1,0
train_1435.jpg,1,1
train_1436.jpg,1,1
train_1437.jpg,1,0
train_1438.jpg,0,0
train_1439.jpg,0,0
train_1440.jpg,0,1
train_1441.jpg,1,0
train_1442.jpg,0,1
train_1443.jpg,1,1
train_1444.jpg,1,1
train_1445.jpg,0,1
train_1446.jpg,1,0
train_1447.jpg,1,0
train_1448.jpg,0,0
train_1449.jpg,1,0
train_1450.jpg,1,1
train_1451.jpg,1,1
train_1452.jpg,1,0
train_1453.jpg,1,1
train_1454.jpg,0,1
train_1455.jpg,0,0
train_1456.jpg,1,0
train_1457.jpg,1,1
train_1458.jpg,0,1
train_1459.jpg,1,0
train_1460.jpg,1,0
train_1461.jpg,1,1
train_1462.jpg,1,0
train_1463.jpg,1,0
train_1464.jpg,1,0
train_1465.jpg,1,1
train_1466.jpg,0,1
train_1467.jpg,0,1
train_1468.jpg,1,0
train_1469.jpg,1,1
train_1470.jpg,1,0
train_1471.jpg,1,0
train_1472.jpg,1,1
train_1473.jpg,1,1
train_1474.jpg,1,1
train_1475.jpg,1,0
train_1476.jpg,1,1
train_1477.jpg,1,1
train_1478.jpg,1,1
train_1479.jpg,1,0
train_1480.jpg,0,1
train_1481.jpg,0,1
train_1482.jpg,1,1
train_1483.jpg,1,1
train_1484.jpg,1,1
train_1485.jpg,1,1
train_1486.jpg,1,1
train_1487.jpg,1,1
train_1488.jpg,1,1
train_1489.jpg,1,1
train_1490.jpg,1,0
train_1491.jpg,1,1
train_1492.jpg,0,1
train_1493.jpg,1,0
train_1494.jpg,1,0
train_1495.jpg,1,1
train_1496.jpg,1,1
train_1497.jpg,1,1
train_1498.jpg,0,0
train_1499.jpg,1,1
train_1500.jpg,1,1
train_1501.jpg,1,1
train_1502.jpg,1,1
train_1503.jpg,1,1
train_1504.jpg,0,0
train_1505.jpg,1,1
train_1506.jpg,1,1
train_1507.jpg,1,1
train_1508.jpg,0,1
train_1509.jpg,0,0
train_1510.jpg,1,1
train_1511.jpg,0,0
train_1512.jpg,1,0
train_1513.jpg,1,1
train_1514.jpg,1,0
train_1515.jpg,1,0
train_1516.jpg,0,1
train_1517.jpg,1,1
train_1518.jpg,1,0
train_1519.jpg,1,0
train_1520.jpg,0,1
train_1521.jpg,1,0
train_1522.jpg,1,1
train_1523.jpg,1,1
train_1524.jpg,0,1
train_1525.jpg,1,1
train_1526.jpg,0,1
train_1527.jpg,1,1
train_1528.jpg,1,0
train_1529.jpg,1,0
train_1530.jpg,0,0
train_1531.jpg,1,1
train_1532.jpg,1,1
train_1533.jpg,0,1
train_1534.jpg,1,1
train_1535.jpg,1,0
train_1536.jpg,1,0
train_1537.jpg,1,0
train_1538.jpg,1,0
train_1539.jpg,1,0
train_1540.jpg,1,1
train_1541.jpg,1,1
train_1542.jpg,1,1
train_1543.jpg,0,0
train_1544.jpg,0,0
train_1545.jpg,1,1
train_1546.jpg,1,1
train_1547.jpg,1,1
train_1548.jpg,1,0
train_1549.jpg,1,0
train_1550.jpg,0,1
train_1551.jpg,1,1
train_1552.jpg,1,1
train_1553.jpg,1,1
train_1554.jpg,1,1
train_1555.jpg,1,0
train_1556.jpg,0,0
train_1557.jpg,1,1
train_1558.jpg,1,0
train_1559.jpg,0,0
train_1560.jpg,1,1
train_1561.jpg,1,1
train_1562.jpg,1,1
train_1563.jpg,1,1
train_1564.jpg,1,1
train_1565.jpg,1,0
train_1566.jpg,0,1
train_1567.jpg,1,1
train_1568.jpg,0,1
train_1569.jpg,1,1
train_1570.jpg,1,0
train_1571.jpg,1,1
train_1572.jpg,0,1
train_1573.jpg,1,0
train_1574.jpg,1,1
train_1575.jpg,1,0
train_1576.jpg,1,0
train_1577.jpg,1,1
train_1578.jpg,1,1
train_1579.jpg,1,1
train_1580.jpg,1,0
train_1581.jpg,1,0
train_1582.jpg,1,1
train_1583.jpg,0,0
train_1584.jpg,1,1
train_1585.jpg,1,0
train_1586.jpg,0,0
train_1587.jpg,1,1
train_1588.jpg,0,0
train_1589.jpg,1,1
train_1590.jpg,1,1
train_1591.jpg,1,1
train_1592.jpg,1,0
train_1593.jpg,1,1
train_1594.jpg,0,0
train_1595.jpg,1,0
train_1596.jpg,1,0
train_1597.jpg,1,0
train_1598.jpg,0,1
train_1599.jpg,0,0
train_1600.jpg,1,1
train_1601.jpg,1,1
train_1602.jpg,1,0
train_1603.jpg,1,1
train_1604.jpg,1,1
train_1605.jpg,1,0
train_1606.jpg,1,1
train_1607.jpg,0,0
train_1608.jpg,1,1
train_1609.jpg,1,0
